Predictor variable,Categorical,Sample average
ppt,false,1565.8543090820312
tmean,false,17.74000120162964
vpdmax,false,17.804250717163086
vpdmin,false,0.9617500752210617
