Predictor variable,Categorical,Sample average
ppt,false,992.34521484375
tmean,false,15.819273998862819
vpdmax,false,16.88205327485737
vpdmin,false,1.0417368851209943
