"","ppt","tdmean","tmax","tmean","tmin","vpdmax","vpdmin"
"ppt",1,0.298380479417591,0.146250459451123,0.208044133098356,0.253923736363871,-0.0997252691775258,-0.09930124406313
"tdmean",0.298380479417591,1,0.93241678672272,0.976953656913525,0.977314171880307,0.593919099143993,0.0552485163994696
"tmax",0.146250459451123,0.93241678672272,1,0.975887047755767,0.916179088159088,0.839007817546501,0.000414124806436658
"tmean",0.208044133098356,0.976953656913525,0.975887047755767,1,0.981565636616134,0.718879417532194,0.13407273987883
"tmin",0.253923736363871,0.977314171880307,0.916179088159088,0.981565636616134,1,0.585263242111326,0.245803615979366
"vpdmax",-0.0997252691775258,0.593919099143993,0.839007817546501,0.718879417532194,0.585263242111326,1,-0.111630869809071
"vpdmin",-0.09930124406313,0.0552485163994696,0.000414124806436658,0.13407273987883,0.245803615979366,-0.111630869809071,1
