Predictor variable,Categorical,Sample average
ppt,false,1393.791650390625
tmean,false,17.56920051574707
vpdmax,false,17.88860092163086
vpdmin,false,1.0170000433921813
