Predictor variable,Categorical,Sample average
ppt,false,1425.8157573499177
tmean,false,17.303527129323857
vpdmax,false,17.44852718554045
vpdmin,false,0.9365789890289307
