Predictor variable,Categorical,Sample average
ppt,false,1069.4524177102483
tmean,false,17.368214794233733
vpdmax,false,17.16260870765237
vpdmin,false,1.1115098537183274
