"","ppt","tdmean","tmax","tmean","tmin","vpdmax","vpdmin"
"ppt",1,-0.28747459783356,-0.341401485517329,-0.308118195262509,-0.270438981376954,-0.373647184687303,0.119830755025332
"tdmean",-0.28747459783356,1,0.958652136342073,0.986651131041401,0.981993076473189,0.528593372539829,0.0768243098545841
"tmax",-0.341401485517329,0.958652136342073,1,0.981796787828385,0.937458176903686,0.737532877218841,-0.0010518712774141
"tmean",-0.308118195262509,0.986651131041401,0.981796787828385,1,0.98650917675279,0.620611009226085,0.131775039508145
"tmin",-0.270438981376954,0.981993076473189,0.937458176903686,0.98650917675279,1,0.501725307324657,0.242413693519425
"vpdmax",-0.373647184687303,0.528593372539829,0.737532877218841,0.620611009226085,0.501725307324657,1,-0.186378358827463
"vpdmin",0.119830755025332,0.0768243098545841,-0.0010518712774141,0.131775039508145,0.242413693519425,-0.186378358827463,1
