Predictor variable,Categorical,Sample average
ppt,false,1484.6320681104473
tmean,false,18.89772632075291
vpdmax,false,17.070961634318035
vpdmin,false,0.7944314193491843
